<PAMDataset>
  <Metadata domain="IMAGE_STRUCTURE">
    <MDI key="INTERLEAVE">BAND</MDI>
  </Metadata>
  <Metadata domain="ENVI">
    <MDI key="bands">8</MDI>
    <MDI key="byte_order">0</MDI>
    <MDI key="data_type">4</MDI>
    <MDI key="file_type">ENVI Standard</MDI>
    <MDI key="header_offset">0</MDI>
    <MDI key="interleave">bsq</MDI>
    <MDI key="lines">200</MDI>
    <MDI key="samples">200</MDI>
  </Metadata>
  <Metadata>
    <MDI key="AREA_OR_POINT">Area</MDI>
  </Metadata>
  <PAMRasterBand band="1">
    <NoDataValue>-9.99900000000000E+03</NoDataValue>
  </PAMRasterBand>
  <PAMRasterBand band="2">
    <NoDataValue>-9.99900000000000E+03</NoDataValue>
  </PAMRasterBand>
  <PAMRasterBand band="3">
    <NoDataValue>-9.99900000000000E+03</NoDataValue>
  </PAMRasterBand>
  <PAMRasterBand band="4">
    <NoDataValue>-9.99900000000000E+03</NoDataValue>
  </PAMRasterBand>
  <PAMRasterBand band="5">
    <NoDataValue>-9.99900000000000E+03</NoDataValue>
  </PAMRasterBand>
  <PAMRasterBand band="6">
    <NoDataValue>-9.99900000000000E+03</NoDataValue>
  </PAMRasterBand>
  <PAMRasterBand band="7">
    <NoDataValue>-9.99900000000000E+03</NoDataValue>
  </PAMRasterBand>
  <PAMRasterBand band="8">
    <NoDataValue>-9.99900000000000E+03</NoDataValue>
  </PAMRasterBand>
</PAMDataset>
